# Legacy IL 301 redirects
redirect 301 /product-category/tours/ /tours/
redirect 301 /product-category/hidden-tours/ /tours/historical-tours/
redirect 301 /product-category/educational-tours/ /tours/educational-tours/
redirect 301 /faqs/ /
redirect 301 /submit-tip/ https://www.insider-london.co.uk/
redirect 301 /tourism-dinner/ https://www.insider-london.co.uk/
redirect 301 /london-design-tours/ https://www.insider-london.co.uk/product-category/tours/
redirect 301 /christmas-party-bookings/ https://www.insider-london.co.uk/
redirect 301 /olu-thank-page/ https://www.insider-london.co.uk/
redirect 301 /blog-application-form/ https://www.insider-london.co.uk/blog-2/
redirect 301 /location/blackfriars-station/ https://www.insider-london.co.uk/
redirect 301 /london-student-tour/ https://www.insider-london.co.uk/product-category/tours/
redirect 301 /alternative-london-tours/ https://www.insider-london.co.uk/tours/
redirect 301 /test/ https://www.insider-london.co.uk/
redirect 301 /architecture-planning-london-tour/ https://www.insider-london.co.uk/product-category/tours/
redirect 301 /bespoke-london-walking-tours/ https://www.insider-london.co.uk/
redirect 301 /business-visits-london-students/ https://www.insider-london.co.uk/product/in-depth-business-tour/
redirect 301 /sightseeing-london-walking-tours/ https://www.insider-london.co.uk/product-category/tours/
redirect 301 /london-tours-operations-assistant/ https://www.insider-london.co.uk/
redirect 301 /london-architecture-walking-tours/ https://www.insider-london.co.uk/tours/modern-architecture-tour/
redirect 301 /business-experience-london-tour/ https://www.insider-london.co.uk/product/in-depth-business-tour/
redirect 301 /hen-weekends-london-tours/ https://www.insider-london.co.uk/
redirect 301 /sustainability-experience-london-tour/ https://www.insider-london.co.uk/product/sustainable-london-architecture-tour/
redirect 301 /london-walking-tours-london/ https://www.insider-london.co.uk/contact-us/
redirect 301 /technology-experience-london-tour/ https://www.insider-london.co.uk/
redirect 301 /lead-tour-guides-wanted/ https://www.insider-london.co.uk/
redirect 301 /london-underground-tube-tours/ https://www.insider-london.co.uk/tours/london-underground-and-tube-tour/
redirect 301 /london-sightseeing-graffiti-walking-tours/ https://www.insider-london.co.uk/product/street-art/
redirect 301 /weird-london-murders-walking-tours/ https://www.insider-london.co.uk/product/the-death-and-debauchery-tour/
redirect 301 /web-andor-graphic-designer-wanted/ https://www.insider-london.co.uk/
redirect 301 /london-retail-restaurant-design-tours/ https://www.insider-london.co.uk/product/retail-design/
redirect 301 /quirky-weird-london-walking-tours/ https://www.insider-london.co.uk/product/quirky-tour/
redirect 301 /london-pub-tours-drinking-tour/ https://www.insider-london.co.uk/product/history-of-drinking-and-pubs/
redirect 301 /weekend-in-london-walking-tours/ https://www.insider-london.co.uk/
redirect 301 /london-graffiti-artists-walking-tours/ https://www.insider-london.co.uk/product/street-art/
redirect 301 /silicon-roundabout-tech-city-tour/ https://www.insider-london.co.uk/tours/silicon-roundabout-and-tech-city-tour/
redirect 301 /sustainable-green-building-london-tours-2/ https://www.insider-london.co.uk/product/sustainable-london-architecture-tour/
redirect 301 /kings-cross-innovation-tour/ https://www.insider-london.co.uk/
redirect 301 /alternative-london-walking-tours-unusual-londongifts/ https://www.insider-london.co.uk/
redirect 301 /itours_green.html https://www.insider-london.co.uk/
redirect 301 /eco_green_london_tour.html https://www.insider-london.co.uk/
redirect 301 /best_gourmet_food_london_tour.html https://www.insider-london.co.uk/
redirect 301 /the-history-pub-drinking/ https://www.insider-london.co.uk/product/history-of-drinking-and-pubs/
redirect 301 /eccentric_quirky_london_tour.html https://www.insider-london.co.uk/product/quirky-tour/
redirect 301 /the-history-pub-drinking/ https://www.insider-london.co.uk/product/history-of-drinking-and-pubs/
redirect 301 /blog-2/ https://www.insider-london.co.uk/blog/
redirect 301 /product/cutting-edge-green/	https://www.insider-london.co.uk/product/cutting-edge-green-tour/
redirect 301 /product/10-gift-voucher/	https://www.insider-london.co.uk/gift-vouchers/
redirect 301 /product/london-underground/	https://www.insider-london.co.uk/product/london-underground-and-tube-tour/
redirect 301 /product/finance-walking-tour-of-london/	https://www.insider-london.co.uk/product/london-finance-walking-tour/
redirect 301 /product/silicon-roundabout-and-tech-city/	https://www.insider-london.co.uk/product/silicon-roundabout-and-tech-city-tour/
redirect 301 /product/london-underground-tube-tour/	https://www.insider-london.co.uk/product/london-underground-and-tube-tour/
redirect 301 /product/famous-ghosts-and-infamous-murders-walking-tour/	https://www.insider-london.co.uk/product/famous-ghosts-and-infamous-murders/
redirect 301 /product/street-art-tour/	https://www.insider-london.co.uk/product/street-art/
redirect 301 /product/retail-desi	https://www.insider-london.co.uk
redirect 301 /product/history-of	https://www.insider-london.co.uk
redirect 301 /product/modern-architecture-tour/feed/	https://www.insider-london.co.uk/product/modern-architecture-tour/
redirect 301 /product/modern	https://www.insider-london.co.uk
redirect 301 /product/london-underground/	https://www.insider-london.co.uk/product/london-underground-and-tube-tour/
redirect 301 /product/silicon-roundabout-and-tech-city/	https://www.insider-london.co.uk/product/silicon-roundabout-and-tech-city-tour/
redirect 301 /shop/feed/?product_cat=gift-vouchers	https://www.insider-london.co.uk/gift-vouchers/
redirect 301 /tours/in-depth-business-tour/ https://www.insider-london.co.uk/in-depth-business-visits/
# Redirect old tour urls...13/09/2017
redirect 301 /tours/historical-tours/ https://www.insider-london.co.uk/tours/historical-walking-tours/
redirect 301 /tours/educational-tours/ https://www.insider-london.co.uk/tours/educational-walking-tours/
redirect 301 /tours/street-art/ /tours/street-art-tour-london/

# End legacy 301s

# Start blog redirects

redirect 301 /gateway-to-chinas-ai-market/ /blog/gateway-to-chinas-ai-market/
redirect 301 /the-department-stores-decline-and-How-it-reflects-retail-trends/ /blog/the-department-stores-decline-and-How-it-reflects-retail-trends/
redirect 301 /thirsty-thoughts-radical-collaboration-workshop-with-london-business-school/ /blog/thirsty-thoughts-radical-collaboration-workshop-with-london-business-school/
redirect 301 /time-to-clean-up/ /blog/time-to-clean-up/
redirect 301 /top-five-ways-to-spend-your-bank-holiday-in-london/ /blog/top-five-ways-to-spend-your-bank-holiday-in-london/
redirect 301 /the-amazing-engineering-of-the-vicoria-line/ /blog/the-amazing-engineering-of-the-vicoria-line/
redirect 301 /five-place-to-see-street-art-in-london/ /blog/five-place-to-see-street-art-in-london/
redirect 301 /is-blasting-news-the-new-news/ /blog/is-blasting-news-the-new-news/
redirect 301 /introducing-DOVU-and-the-future-of-mobility/ /blog/introducing-DOVU-and-the-future-of-mobility/
redirect 301 /five-facts-about-irish-pubs/ /blog/five-facts-about-irish-pubs/
redirect 301 /london-continues-to-grow-up/ /blog/london-continues-to-grow-up/
redirect 301 /an-introduction-to-the-gin-craze/ /blog/an-introduction-to-the-gin-craze/
redirect 301 /the-unstoppable-surge-of-amazon/ /blog/the-unstoppable-surge-of-amazon/
redirect 301 /the-amazing-growth-of-uk-fintech-industry/ /blog/the-amazing-growth-of-uk-fintech-industry/
redirect 301 /lego-serious-play-a-business-methodology-for-modern-enterprise/ /blog/lego-serious-play-a-business-methodology-for-modern-enterprise/
redirect 301 /the-global-impact-of-climate-change-on-business/ /blog/the-global-impact-of-climate-change-on-business/
redirect 301 /the-olympic-park-and-the-legacy-debate/ /blog/the-olympic-park-and-the-legacy-debate/
redirect 301 /educational-programme-with-the-high-commission-of-gujurat/ /blog/educational-programme-with-the-high-commission-of-gujurat/
redirect 301 /4-great-benefits-of-city-walking/ /blog/4-great-benefits-of-city-walking/
redirect 301 /five-reasons-why-kings-cross-is-a-sustainability-hub/ /blog/five-reasons-why-kings-cross-is-a-sustainability-hub/
redirect 301 /livery-companies/ /blog/livery-companies/
redirect 301 /are-you-christmas-shopping-like-a-millenial/ /blog/are-you-christmas-shopping-like-a-millenial/
redirect 301 /banksy-and-the-art-of-self-promotion/ /blog/banksy-and-the-art-of-self-promotion/
redirect 301 /three-ways-to-act-on-the-findings-of-the-ipcc/ /blog/three-ways-to-act-on-the-findings-of-the-ipcc/
redirect 301 /sergeant-stubby-the-dog-who-saved-the-day/ /blog/sergeant-stubby-the-dog-who-saved-the-day/
redirect 301 /can-a-roundabout-become-a-city/ /blog/can-a-roundabout-become-a-city/
redirect 301 /walkable-london/ /blog/walkable-london/
redirect 301 /ancient-origins-of-halloween/ /blog/ancient-origins-of-halloween/
redirect 301 /the-city-and-its-eastern-cluster/ /blog/the-city-and-its-eastern-cluster/
redirect 301 /how-to-fill-your-weekends-this-october/ /blog/how-to-fill-your-weekends-this-october/
redirect 301 /is-fast-fashion-here-to-stay/ /blog/is-fast-fashion-here-to-stay/
redirect 301 /the-uks-largest-street-art-mural/ /blog/the-uks-largest-street-art-mural/
redirect 301 /bamboo-sustainable-growth-for-a-sustainable-future/ /blog/bamboo-sustainable-growth-for-a-sustainable-future/
redirect 301 /reflecting-on-history-100-years-of-womens-suffrage/ /blog/reflecting-on-history-100-years-of-womens-suffrage/
redirect 301 /insider-highlights-from-the-250th-summer-exhibition/ /blog/insider-highlights-from-the-250th-summer-exhibition/
redirect 301 /four-historic-figures-who-haunt-the-tower-of-london/ /blog/four-historic-figures-who-haunt-the-tower-of-london/
redirect 301 /bloomberg-london/ /blog/bloomberg-london/
redirect 301 /Londons-Top-5-Concept-Stores/ /blog/Londons-Top-5-Concept-Stores/
redirect 301 /food-tour-of-london/ /blog/food-tour-of-london/
redirect 301 /3-ways-to-prepare-for-london-history-tours-with-harry-potter/ /blog/3-ways-to-prepare-for-london-history-tours-with-harry-potter/
redirect 301 /at-the-forefront-of-london-fashion-and-luxury-retail-experiences/ /blog/at-the-forefront-of-london-fashion-and-luxury-retail-experiences/
redirect 301 /top-5-exciting-places-to-watch-the-world-cup-in-london/ /blog/top-5-exciting-places-to-watch-the-world-cup-in-london/
redirect 301 /the-future-of-fintech-blockchain-in-practice-with-ibk/ /blog/the-future-of-fintech-blockchain-in-practice-with-ibk/
redirect 301 /top-beer-festivals-to-visit-this-summer/ /blog/top-beer-festivals-to-visit-this-summer/
redirect 301 /where-to-take-the-kids-on-a-london-history-tour/ /blog/where-to-take-the-kids-on-a-london-history-tour/
redirect 301 /success-diversity-at-bp-trading-hq/ /blog/success-diversity-at-bp-trading-hq/
redirect 301 /where-to-visit-on-a-royal-tour-of-london/ /blog/where-to-visit-on-a-royal-tour-of-london/
redirect 301 /must-know-facts-about-windsor-castle/ /blog/must-know-facts-about-windsor-castle/
redirect 301 /vietnamese-chamber-of-commerce-businesses-in-london/ /blog/vietnamese-chamber-of-commerce-businesses-in-london/
redirect 301 /canary-wharf-vs-city-of-london/ /blog/canary-wharf-vs-city-of-london/
redirect 301 /More-Than-Jack-The-Ripper-On-A-London-Tour/ /blog/More-Than-Jack-The-Ripper-On-A-London-Tour/
redirect 301 /5-Bizarre-Facts-about-the-Telephone-Box/ /blog/5-Bizarre-Facts-about-the-Telephone-Box/
redirect 301 /archaeological-excavations-in-London/ /blog/archaeological-excavations-in-London/
redirect 301 /what-to-pack-for-a-London-city-break/ /blog/what-to-pack-for-a-London-city-break/
redirect 301 /London-top-tourist-destination-2017/ /blog/London-top-tourist-destination-2017/
redirect 301 /selfridges-retail-design-revolution/ /blog/selfridges-retail-design-revolution/
redirect 301 /how-to-spend-easter-2018/ /blog/how-to-spend-easter-2018/
redirect 301 /anti-fascist-London/ /blog/anti-fascist-London/
redirect 301 /10years-recession/ /blog/10years-recession/
redirect 301 /london-beer-week-2018/ /blog/london-beer-week-2018/
redirect 301 /street-art-and-Olympics/ /blog/street-art-and-Olympics/
redirect 301 /st-patricks-day-2018/ /blog/st-patricks-day-2018/
redirect 301 /where-to-see-some-of-londons-best-street-art/ /blog/where-to-see-some-of-londons-best-street-art/
redirect 301 /London-vacation-on-a-budget/ /blog/London-vacation-on-a-budget/
redirect 301 /5-haunted-places-London/ /blog/5-haunted-places-London/
redirect 301 /top-alternative-things-to-do-jan18/ /blog/top-alternative-things-to-do-jan18/
redirect 301 /discover-the-history-of-London-Underground/ /blog/discover-the-history-of-London-Underground/
redirect 301 /britain-more-visitors-2018/ /blog/britain-more-visitors-2018/
redirect 301 /london-cinema-museum/ /blog/london-cinema-museum/
redirect 301 /new-year-celebrations-around-the-world/ /blog/new-year-celebrations-around-the-world/
redirect 301 /midland-grand-hotel-kings-cross/ /blog/midland-grand-hotel-kings-cross/
redirect 301 /thank-you-2017/ /blog/thank-you-2017/
redirect 301 /around-the-world-in-eight-celebrations/ /blog/around-the-world-in-eight-celebrations/
redirect 301 /top-5-tech-cities-UK-sized-to-population/ /blog/top-5-tech-cities-UK-sized-to-population/
redirect 301 /getting-around-London/ /blog/getting-around-London/
redirect 301 /7-advantages-of-switching-to-LED/ /blog/7-advantages-of-switching-to-LED/
redirect 301 /christmas-special-2017/ /blog/christmas-special-2017/
redirect 301 /why-experiences-are-the-best-gifts/ /blog/why-experiences-are-the-best-gifts/
redirect 301 /remembrance-day-2017/ /blog/remembrance-day-2017/
redirect 301 /dnd-gd-fundraiser-throwback/ /blog/dnd-gd-fundraiser-throwback/
redirect 301 /ageuk-fundraiser/ /blog/ageuk-fundraiser/
redirect 301 /autumn-insider-london/ /blog/autumn-insider-london/
redirect 301 /halloween-in-london-2017/ /blog/halloween-in-london-2017/
redirect 301 /5-facts-about-brixton/ /blog/5-facts-about-brixton/
redirect 301 /tech-city-shoreditch/ /blog/tech-city-shoreditch/
redirect 301 /guide-dogs-fundraiser-event/ /blog/guide-dogs-fundraiser-event/
redirect 301 /guide-dogs-fundraiser-first-weekend/ /blog/guide-dogs-fundraiser-first-weekend/
redirect 301 /10-notting-hill-carnival-facts/ /blog/10-notting-hill-carnival-facts/
redirect 301 /discover-the-great-tornado-of-london-london-history-tours/ /blog/discover-the-great-tornado-of-london-london-history-tours/
redirect 301 /artificial-intelligence-in-everyday-life/ /blog/artificial-intelligence-in-everyday-life/
redirect 301 /art-and=the=underground-a-perfect-mix-london-underground-tours/ /blog/art-and=the=underground-a-perfect-mix-london-underground-tours/
redirect 301 /new-culture-mile-planned-for-london-walking-tours-london/ /blog/new-culture-mile-planned-for-london-walking-tours-london/
redirect 301 /myths-from-the-tower-of-london-busted-ghost-tours-london/ /blog/myths-from-the-tower-of-london-busted-ghost-tours-london/
redirect 301 /insider-london-is-raising-funds-for-guide-dogs/ /blog/insider-london-is-raising-funds-for-guide-dogs/
redirect 301 /the-most-distinctive-buildings-in-the-world-2017/ /blog/the-most-distinctive-buildings-in-the-world-2017/
redirect 301 /london-street-art-project-to-help-the-homeless-street-art-tour-london/ /blog/london-street-art-project-to-help-the-homeless-street-art-tour-london/
redirect 301 /london-underground-tours-which-tube-lines-provide-the-greatest-inspiration/ /blog/london-underground-tours-which-tube-lines-provide-the-greatest-inspiration/
redirect 301 /the-biggest-city-zip-wire-coming-to-london/ /blog/the-biggest-city-zip-wire-coming-to-london/
redirect 301 /using-technology-in-retail/ /blog/using-technology-in-retail/
redirect 301 /interview-with-innovation-warehouses-bianca-anason/ /blog/interview-with-innovation-warehouses-bianca-anason/
redirect 301 /discover-the-changing-face-of-the-city-of-london-history-tour/ /blog/discover-the-changing-face-of-the-city-of-london-history-tour/
redirect 301 /london-the-museum-capital-of-the-world/ /blog/london-the-museum-capital-of-the-world/
redirect 301 /coworking-spaces-london/ /blog/coworking-spaces-london/
redirect 301 /which-pub-really-the-oldest-in-london-private-tours-london/ /blog/which-pub-really-the-oldest-in-london-private-tours-london/
redirect 301 /what-makes-canary-wharf-so-special-tours-london-fascinating-history/ /blog/what-makes-canary-wharf-so-special-tours-london-fascinating-history/
redirect 301 /20in20fundraiserevent/ /blog/20in20fundraiserevent/
redirect 301 /20in20-explore-the-city-of-london/ /blog/20in20-explore-the-city-of-london/
redirect 301 /london-ceremonies-to-try-to-catch-walking-tours-london/ /blog/london-ceremonies-to-try-to-catch-walking-tours-london/
redirect 301 /discover-londons-pearly-kings-queens-this-year-private-tours-london/ /blog/discover-londons-pearly-kings-queens-this-year-private-tours-london/
redirect 301 /5-secret-facts-about-covent-garden/ /blog/5-secret-facts-about-covent-garden/
redirect 301 /london-tours-will-london-get-garden-bridge/ /blog/london-tours-will-london-get-garden-bridge/
redirect 301 /walking-tours-london-cockney-slang/ /blog/walking-tours-london-cockney-slang/
redirect 301 /easter-in-london-2017/ /blog/easter-in-london-2017/
redirect 301 /interactive-london-skyline/ /blog/interactive-london-skyline/
redirect 301 /london-beer-week-2017/ /blog/london-beer-week-2017/
redirect 301 /canary-wharf-finance-tour/ /blog/canary-wharf-finance-tour/
redirect 301 /five-dark-moments-in-londons-history/ /blog/five-dark-moments-in-londons-history/
redirect 301 /londons-east-end-past-present-and-future/ /blog/londons-east-end-past-present-and-future/
redirect 301 /london-street-art/ /blog/london-street-art/
redirect 301 /chinese-new-year-london-2017/ /blog/chinese-new-year-london-2017/
redirect 301 /history-of-drinking-in-london/ /blog/history-of-drinking-in-london/
redirect 301 /lord-mayor-of-london/ /blog/lord-mayor-of-london/
redirect 301 /london-underground-and-the-bliz/ /blog/london-underground-and-the-bliz/
redirect 301 /christmas-with-insider-london/ /blog/christmas-with-insider-london/
redirect 301 /best-christmas-markets-in-london-2017/ /blog/best-christmas-markets-in-london-2017/
redirect 301 /7-facts-about-londons-silicon-roundabout/ /blog/7-facts-about-londons-silicon-roundabout/
redirect 301 /top-five-quirky-retail-spaces-in-london/ /blog/top-five-quirky-retail-spaces-in-london/
redirect 301 /halloween-is-coming-to-town/ /blog/halloween-is-coming-to-town/
redirect 301 /londons-most-famous-iconic-bridges/ /blog/londons-most-famous-iconic-bridges/
redirect 301 /londons-most-haunted-theatres/ /blog/londons-most-haunted-theatres/
redirect 301 /a-short-history-of-the-tube/ /blog/a-short-history-of-the-tube/
redirect 301 /high-tech-architecture-in-london/ /blog/high-tech-architecture-in-london/
redirect 301 /5-secrets-you-never-knew-about-the-east-end/ /blog/5-secrets-you-never-knew-about-the-east-end/
redirect 301 /insider-london-shops/ /blog/insider-london-shops/
redirect 301 /planning-a-school-trip-to-london/ /blog/planning-a-school-trip-to-london/
redirect 301 /an-interview-with-an-insider-london-tour-guide-tony-sweet/ /blog/an-interview-with-an-insider-london-tour-guide-tony-sweet/
redirect 301 /life-after-retirement-exploring-london/ /blog/life-after-retirement-exploring-london/
redirect 301 /an-alternative-family-day-out-in-london/ /blog/an-alternative-family-day-out-in-london/
redirect 301 /london-city-of-modern-architecture-and-historic-sights/ /blog/london-city-of-modern-architecture-and-historic-sights/
redirect 301 /7-unusual-and-historical-pubs-in-london/ /blog/7-unusual-and-historical-pubs-in-london/
redirect 301 /art-on-every-corner/ /blog/art-on-every-corner/
redirect 301 /students-discover-the-secrets-of-business/ /blog/students-discover-the-secrets-of-business/
redirect 301 /what-to-do-in-london-on-a-may-bank-holiday/ /blog/what-to-do-in-london-on-a-may-bank-holiday/
redirect 301 /celebrating-the-queens-birthday-in-london/ /blog/celebrating-the-queens-birthday-in-london/
redirect 301 /the-london-underground-5-secrets-from-the-tubes-history/ /blog/the-london-underground-5-secrets-from-the-tubes-history/
redirect 301 /london-in-the-rain-what-to-do-when-the-weather-is-bad/ /blog/london-in-the-rain-what-to-do-when-the-weather-is-bad/
redirect 301 /life-of-an-insider-london-tour-guie/ /blog/life-of-an-insider-london-tour-guie/
redirect 301 /london-ghost-walks-the-cities-most-haunted-places/ /blog/london-ghost-walks-the-cities-most-haunted-places/
redirect 301 /exploring-londons-financial-and-digital-hubs/ /blog/exploring-londons-financial-and-digital-hubs/
redirect 301 /exploring-londons-east-end/ /blog/exploring-londons-east-end/
redirect 301 /ghosts-murders-and-halloween/ /blog/ghosts-murders-and-halloween/
redirect 301 /sustainable-new-build-and-retro-fits-and-the-impact-on-our-green-futures/ /blog/sustainable-new-build-and-retro-fits-and-the-impact-on-our-green-futures/
redirect 301 /living-it-up-royally/ /blog/living-it-up-royally/
redirect 301 /10-ideas-for-a-greener-london/ /blog/10-ideas-for-a-greener-london/
redirect 301 /filming-on-the-london-underground/ /blog/filming-on-the-london-underground/
redirect 301 /10-facts-about-london-walkie-talkie-tower/ /blog/10-facts-about-london-walkie-talkie-tower/
redirect 301 /what-to-look-forward-to-at-the-london-festival-of-architecture-2015/ /blog/what-to-look-forward-to-at-the-london-festival-of-architecture-2015/
redirect 301 /10-unusual-forms-of-london-transport/ /blog/10-unusual-forms-of-london-transport/
redirect 301 /london-bridges-the-old-new/ /blog/london-bridges-the-old-new/
redirect 301 /10-london-buildings-that-never-were-numbers-6-to-10/ /blog/10-london-buildings-that-never-were-numbers-6-to-10/
redirect 301 /magna-carta/ /blog/magna-carta/
redirect 301 /10-london-buildings-that-never-were-numbers-1-to-5/ /blog/10-london-buildings-that-never-were-numbers-1-to-5/
redirect 301 /silicon-roundabout-whats-on/ /blog/silicon-roundabout-whats-on/
redirect 301 /cahoots-underground-drinking/ /blog/cahoots-underground-drinking/
redirect 301 /street-art-picture-of-the-week-stik-and-otto-schade-shoreditch/ /blog/street-art-picture-of-the-week-stik-and-otto-schade-shoreditch/
redirect 301 /february-on-the-insider-london- /blog/february-on-the-insider-london-blog/
redirect 301 /londons-lost-railway-tube-stations/ /blog/londons-lost-railway-tube-stations/
redirect 301 /street-art-picture-of-the-week-pyramid-oracle/ /blog/street-art-picture-of-the-week-pyramid-oracle/
redirect 301 /making-tracks-crossrail-sustainability/ /blog/making-tracks-crossrail-sustainability/
redirect 301 /london-container-capital/ /blog/london-container-capital/
redirect 301 /street-art-picture-of-the-week-lints-ravey-street/ /blog/street-art-picture-of-the-week-lints-ravey-street/
redirect 301 /celebrate-chinese-new-year-in-london/ /blog/celebrate-chinese-new-year-in-london/
redirect 301 /10-great-facts-about-tower-42/ /blog/10-great-facts-about-tower-42/
redirect 301 /street-art-picture-of-the-week-fan-horror-crew/ /blog/street-art-picture-of-the-week-fan-horror-crew/
redirect 301 /the-sustainable-restaurant-awards-2015/ /blog/the-sustainable-restaurant-awards-2015/
redirect 301 /londons-most-unusual-phone-boxes/ /blog/londons-most-unusual-phone-boxes/
redirect 301 /street-art-picture-of-the-week-saki-bitches/ /blog/street-art-picture-of-the-week-saki-bitches/
redirect 301 /january-on-the-insider-london-blog-what-you-may-have-missed/ /blog/january-on-the-insider-london-blog-what-you-may-have-missed/
redirect 301 /the-gherkin-up-close-ten-great-facts/ /blog/the-gherkin-up-close-ten-great-facts/
redirect 301 /street-art-pictures-of-the-week-camden-market/ /blog/street-art-pictures-of-the-week-camden-market/
redirect 301 /green-living-eco-homes-in-london/ /blog/green-living-eco-homes-in-london/
redirect 301 /when-london-buildings-go-wrong/ /blog/when-london-buildings-go-wrong/
redirect 301 /street-art-pictures-of-the-week-eine-and-invaders-evolving-style/ /blog/street-art-pictures-of-the-week-eine-and-invaders-evolving-style/
redirect 301 /londons-most-unusual-cafes/ /blog/londons-most-unusual-cafes/
redirect 301 /londons-top-ten-skyscrapers-under-construction-in-2015/ /blog/londons-top-ten-skyscrapers-under-construction-in-2015/
redirect 301 /street-art-pictures-of-the-week-the-paint-brush/ /blog/street-art-pictures-of-the-week-the-paint-brush/
redirect 301 /the-peckham-coal-line-londons-own-high-line/ /blog/the-peckham-coal-line-londons-own-high-line/
redirect 301 /the-opening-of-the-walkie-talkie-sky-garden/ /blog/the-opening-of-the-walkie-talkie-sky-garden/
redirect 301 /street-art-picture-of-the-week-sculptural-street-art-from-ronzo-and-cityzen-kane/ /blog/street-art-picture-of-the-week-sculptural-street-art-from-ronzo-and-cityzen-kane/
redirect 301 /insider-london-best-of-2014-on-the- /blog/insider-london-best-of-2014-on-the-blog/
redirect 301 /street-art-picture-of-the-week-1914-christmas-truce/ /blog/street-art-picture-of-the-week-1914-christmas-truce/
redirect 301 /going-underground/ /blog/going-underground/
redirect 301 /street-art-pictures-of-the-week-are-you-ready-for-your-close-up/ /blog/street-art-pictures-of-the-week-are-you-ready-for-your-close-up/
redirect 301 /christmas-gifts-for-london-lovers/ /blog/christmas-gifts-for-london-lovers/
redirect 301 /the-ghost-signs-of-london/ /blog/the-ghost-signs-of-london/
redirect 301 /street-art-pictures-of-the-week-the-art-of-the-homage/ /blog/street-art-pictures-of-the-week-the-art-of-the-homage/
redirect 301 /november-on-the-insider-london- /blog/november-on-the-insider-london-blog/
redirect 301 /silicon-roundabout-operating-upgrade/ /blog/silicon-roundabout-operating-upgrade/
redirect 301 /street-art-pictures-of-the-week-stik/ /blog/street-art-pictures-of-the-week-stik/
redirect 301 /vintage-london-street-signs/ /blog/vintage-london-street-signs/
redirect 301 /the-paddington-trail/ /blog/the-paddington-trail/
redirect 301 /street-art-pictures-of-the-week-jim-probs-vision-and-the-end-of-the-line-collective/ /blog/street-art-pictures-of-the-week-jim-probs-vision-and-the-end-of-the-line-collective/
redirect 301 /insider-londons-best-of-the-london-underground-and-tube/ /blog/insider-londons-best-of-the-london-underground-and-tube/
redirect 301 /street-art-pictures-of-the-week-bicicletas-sem-freios-and-cranio/ /blog/street-art-pictures-of-the-week-bicicletas-sem-freios-and-cranio/
redirect 301 /the-towers-of-london/ /blog/the-towers-of-london/
redirect 301 /mail-rail-letters-on-the-underground/ /blog/mail-rail-letters-on-the-underground/
redirect 301 /art-is-trash-london-street-art/ /blog/art-is-trash-london-street-art/
redirect 301 /london-the-information-project-infographics-that-will-change-the-way-you-view-the-city/ /blog/london-the-information-project-infographics-that-will-change-the-way-you-view-the-city/
redirect 301 /october-on-the-insider-london- /blog/october-on-the-insider-london-blog/
redirect 301 /street-art-picture-of-the-week-cupids-hit-squad-whitecross-street-london-ec1/ /blog/street-art-picture-of-the-week-cupids-hit-squad-whitecross-street-london-ec1/
redirect 301 /insider-london-insider-tweets/ /blog/insider-london-insider-tweets/
redirect 301 /fine-art-as-street-art-the-outings-project/ /blog/fine-art-as-street-art-the-outings-project/
redirect 301 /2014-in-buildings/ /blog/2014-in-buildings/
redirect 301 /street-art-picture-of-the-week-phlegm-hanbury-street/ /blog/street-art-picture-of-the-week-phlegm-hanbury-street/
redirect 301 /concrete-canvas-how-street-art-is-changing-the-way-our-cities-look/ /blog/concrete-canvas-how-street-art-is-changing-the-way-our-cities-look/
redirect 301 /the-kings-cross-secret-lighthouse/ /blog/the-kings-cross-secret-lighthouse/
redirect 301 /street-art-picture-of-the-week-buxton-street-e1/ /blog/street-art-picture-of-the-week-buxton-street-e1/
redirect 301 /money-off-your-london-rent-with-myrooms/ /blog/money-off-your-london-rent-with-myrooms/
redirect 301 /the-next-generation-of-london-underground-trains/ /blog/the-next-generation-of-london-underground-trains/
redirect 301 /street-art-picture-of-the-week-mr-cenz-brick-lane-car-park/ /blog/street-art-picture-of-the-week-mr-cenz-brick-lane-car-park/
redirect 301 /sherlock-homes-the-great-detective/ /blog/sherlock-homes-the-great-detective/
redirect 301 /shuttlecock-and-a-new-pop-up-dining-experience/ /blog/shuttlecock-and-a-new-pop-up-dining-experience/
redirect 301 /street-art-picture-of-the-week-unga-and-insa/ /blog/street-art-picture-of-the-week-unga-and-insa/
redirect 301 /spot-the-starchitect-in-kings-cross/ /blog/spot-the-starchitect-in-kings-cross/
redirect 301 /10-spots-to-find-some-peace-and-quiet-in-london/ /blog/10-spots-to-find-some-peace-and-quiet-in-london/
redirect 301 /insider-interview-makers-cafe/ /blog/insider-interview-makers-cafe/
redirect 301 /street-art-picture-of-the-week-malarky-christina-street-shoreditch/ /blog/street-art-picture-of-the-week-malarky-christina-street-shoreditch/
redirect 301 /what-to-see-at-the-london-design-festival/ /blog/what-to-see-at-the-london-design-festival/
redirect 301 /august-on-the-insider-london- /blog/august-on-the-insider-london-blog/
redirect 301 /pablo-delgado/ /blog/pablo-delgado/
redirect 301 /the-winner-of-the-citysketch-london-book/ /blog/the-winner-of-the-citysketch-london-book/
redirect 301 /kings-cross-gasholder-no-8-a-new-beginning/ /blog/kings-cross-gasholder-no-8-a-new-beginning/
redirect 301 /swingers-crazy-golf-shoreditch/ /blog/swingers-crazy-golf-shoreditch/
redirect 301 /street-art-picture-of-the-week-sweet-toof-paul-insect-old-ford-lock-london/ /blog/street-art-picture-of-the-week-sweet-toof-paul-insect-old-ford-lock-london/
redirect 301 /win-a-copy-of-citysketch-london/ /blog/win-a-copy-of-citysketch-london/
redirect 301 /mapping-london/ /blog/mapping-london/
redirect 301 /street-art-el-mac-cowboy-hewett-street-shoreditch/ /blog/street-art-el-mac-cowboy-hewett-street-shoreditch/
redirect 301 /the-regents-canal-in-kings-cross-past-present-and-future/ /blog/the-regents-canal-in-kings-cross-past-present-and-future/
redirect 301 /melissa-wood-illustrator-citysketch-london/ /blog/melissa-wood-illustrator-citysketch-london/
redirect 301 /street-art-picture-of-the-week-eines-extortionists-ebor-street-shoreditch/ /blog/street-art-picture-of-the-week-eines-extortionists-ebor-street-shoreditch/
redirect 301 /the-rubbish-collection-at-the-science-museum/ /blog/the-rubbish-collection-at-the-science-museum/
redirect 301 /smiley-otto-schade-street-art-london-brick-lane/ /blog/smiley-otto-schade-street-art-london-brick-lane/
redirect 301 /london-festival-of-architecture-2014-the-best-bits/ /blog/london-festival-of-architecture-2014-the-best-bits/
redirect 301 /july-on-the-insider-london- /blog/july-on-the-insider-london-blog/
redirect 301 /the-winners-of-the-va-street-art-books/ /blog/the-winners-of-the-va-street-art-books/
redirect 301 /david-and-goliath-by-martin-ron/ /blog/david-and-goliath-by-martin-ron/
redirect 301 /win-a-copy-of-street-art-by-riika-kuittinen/ /blog/win-a-copy-of-street-art-by-riika-kuittinen/
redirect 301 /streetwise-artful-marketing/ /blog/streetwise-artful-marketing/
redirect 301 /oh-wow-look-its-some-street-art-by-mobstr/ /blog/oh-wow-look-its-some-street-art-by-mobstr/
redirect 301 /art-station-the-kings-cross-regeneration/ /blog/art-station-the-kings-cross-regeneration/
redirect 301 /the-house-of-illustration-kings-cross/ /blog/the-house-of-illustration-kings-cross/
redirect 301 /street-art-40hk-rainbow-leonard-street-shoreditch/ /blog/street-art-40hk-rainbow-leonard-street-shoreditch/
redirect 301 /exploring-beneath-londons-surface/ /blog/exploring-beneath-londons-surface/
redirect 301 /ecology-volunteering-in-london/ /blog/ecology-volunteering-in-london/
redirect 301 /roa-flea-shoreditch/ /blog/roa-flea-shoreditch/
redirect 301 /june-on-the-insider-london- /blog/june-on-the-insider-london-blog/
redirect 301 /kings-cross-station-kings-cross-regeneration/ /blog/kings-cross-station-kings-cross-regeneration/
redirect 301 /global-generation-the-skip-garden/ /blog/global-generation-the-skip-garden/
redirect 301 /street-art-london-run-at-ram-place-fashion-market-hackney/ /blog/street-art-london-run-at-ram-place-fashion-market-hackney/
redirect 301 /londons-book-bench-art/ /blog/londons-book-bench-art/
redirect 301 /banksy-avon-and-somerset-constabulary/ /blog/banksy-avon-and-somerset-constabulary/
redirect 301 /petra-barran-kerb-interview/ /blog/petra-barran-kerb-interview/
redirect 301 /urban-bees-interview/ /blog/urban-bees-interview/
redirect 301 /cranio-street-art-rivington-street-shoreditch/ /blog/cranio-street-art-rivington-street-shoreditch/
redirect 301 /banksy-london-street-art/ /blog/banksy-london-street-art/
redirect 301 /london-green-hotels/ /blog/london-green-hotels/
redirect 301 /jimmy-c-the-foundry-shoreditch/ /blog/jimmy-c-the-foundry-shoreditch/
redirect 301 /what-is-sustainable-architecture/ /blog/what-is-sustainable-architecture/
redirect 301 /london-rooftop-gardens/ /blog/london-rooftop-gardens/
redirect 301 /street-art-christiaan-nagel-silicon-roundabout/ /blog/street-art-christiaan-nagel-silicon-roundabout/
redirect 301 /the-many-forms-of-street-art/ /blog/the-many-forms-of-street-art/
redirect 301 /london-needs-many-more-tall-buildings/ /blog/london-needs-many-more-tall-buildings/
redirect 301 /how-well-do-you-know-the-london-underground/ /blog/how-well-do-you-know-the-london-underground/
redirect 301 /ben-slow-x-antique-competition-winner/ /blog/ben-slow-x-antique-competition-winner/
redirect 301 /growing-underground-in-london/ /blog/growing-underground-in-london/
redirect 301 /saber-the-ugly-american/ /blog/saber-the-ugly-american/
redirect 301 /silicon-roundabout-racing-ahead/ /blog/silicon-roundabout-racing-ahead/
redirect 301 /londons-skyscrapers-past-present-and-future/ /blog/londons-skyscrapers-past-present-and-future/
redirect 301 /win-an-antique-ben-slow-t-shirt/ /blog/win-an-antique-ben-slow-t-shirt/
redirect 301 /antique-x-ben-slow-collaboration/ /blog/antique-x-ben-slow-collaboration/
redirect 301 /the-london-underground-2014/ /blog/the-london-underground-2014/
redirect 301 /london-benches-books/ /blog/london-benches-books/
redirect 301 /christmas-london-events/ /blog/christmas-london-events/
redirect 301 /london-underground-tube-tours-facts-part4/ /blog/london-underground-tube-tours-facts-part4/
redirect 301 /london-underground-tube-tours-facts-part3/ /blog/london-underground-tube-tours-facts-part3/
redirect 301 /quirky-tube-maps/ /blog/quirky-tube-maps/
redirect 301 /london-underground-tube-tours-facts-part2/ /blog/london-underground-tube-tours-facts-part2/
redirect 301 /this-must-be-for-you-london/ /blog/this-must-be-for-you-london/
redirect 301 /street-art-roundup-london/ /blog/street-art-roundup-london/
redirect 301 /halloween-in-london/ /blog/halloween-in-london/
redirect 301 /saatchi-gallery-london/ /blog/saatchi-gallery-london/
redirect 301 /london-underground-tube-tours-facts/ /blog/london-underground-tube-tours-facts/
redirect 301 /east-london-music-trends/ /blog/east-london-music-trends/
redirect 301 /london-farringdon-smithfield-market/ /blog/london-farringdon-smithfield-market/
redirect 301 /blackfriars-bridge-green-london-tours/ /blog/blackfriars-bridge-green-london-tours/
redirect 301 /brixton-ritzy-cinema-london-tours/ /blog/brixton-ritzy-cinema-london-tours/
redirect 301 /cable-street-east-london-history-fascism/ /blog/cable-street-east-london-history-fascism/
redirect 301 /huh_store_dalston_london_east_end/ /blog/huh_store_dalston_london_east_end/
redirect 301 /ghosts-on-the-london-underground/ /blog/ghosts-on-the-london-underground/
redirect 301 /street-artists-spotlight-spqr-joe-iurato/ /blog/street-artists-spotlight-spqr-joe-iurato/
redirect 301 /street-art-spotlight-thierry-noir/ /blog/street-art-spotlight-thierry-noir/
redirect 301 /london-gin-craze-london-dry-gin-history/ /blog/london-gin-craze-london-dry-gin-history/
redirect 301 /things-to-do-in-london-art/ /blog/things-to-do-in-london-art/
redirect 301 /zeus-london-street-art/ /blog/zeus-london-street-art/
redirect 301 /things-to-do-london-street-art/ /blog/things-to-do-london-street-art/
redirect 301 /pop-up-retail/ /blog/pop-up-retail/
redirect 301 /street-art-east-londons-red-market/ /blog/street-art-east-londons-red-market/
redirect 301 /london-street-art-interview-c215/ /blog/london-street-art-interview-c215/
redirect 301 /future-film-bfi-london/ /blog/future-film-bfi-london/
redirect 301 /street-art-architecture-can-improve-city-life-politics/ /blog/street-art-architecture-can-improve-city-life-politics/
redirect 301 /one-direction-one-thing-london-video-tour/ /blog/one-direction-one-thing-london-video-tour/
redirect 301 /british-library/ /blog/british-library/
redirect 301 /london-street-art-walking-tours-broken-fingaz-crew/ /blog/london-street-art-walking-tours-broken-fingaz-crew/
redirect 301 /bfi-future-film-festival-london-tours/ /blog/bfi-future-film-festival-london-tours/
redirect 301 /london-street-art-rae-signal-gallery/ /blog/london-street-art-rae-signal-gallery/
redirect 301 /forza-green-london-food/ /blog/forza-green-london-food/
redirect 301 /london-street-art-tours-christiaan-nage/ /blog/london-street-art-tours-christiaan-nage/
redirect 301 /shard-view-london-tours/ /blog/shard-view-london-tours/
redirect 301 /london-pub-ghosts-walking-tours/ /blog/london-pub-ghosts-walking-tours/
redirect 301 /cat-cafe-london/ /blog/cat-cafe-london/
redirect 301 /london-future-music-trends/ /blog/london-future-music-trends/
redirect 301 /high-line-london-underground/ /blog/high-line-london-underground/
redirect 301 /london-magnificent-seven-tours-part-three/ /blog/london-magnificent-seven-tours-part-three/
redirect 301 /protein-future-music-trends-london/ /blog/protein-future-music-trends-london/
redirect 301 /new-london-street-artists-616/ /blog/new-london-street-artists-616/
redirect 301 /london-pub-quiz-guide-insider-london/ /blog/london-pub-quiz-guide-insider-london/
redirect 301 /london-underground-competition-tours/ /blog/london-underground-competition-tours/
redirect 301 /london-magnificent-seven-victorian-cemeteries-walks-london-marx-highgate-westnorwood/ /blog/london-magnificent-seven-victorian-cemeteries-walks-london-marx-highgate-westnorwood/
redirect 301 /east-london-music-scene-shoreditch/ /blog/east-london-music-scene-shoreditch/
redirect 301 /rain_room_barbican_london_art/ /blog/rain_room_barbican_london_art/
redirect 301 /on-the-london-buses/ /blog/on-the-london-buses/
redirect 301 /green-london-olympics-legacy/ /blog/green-london-olympics-legacy/
redirect 301 /sipsmith_london_gin_drinking_distillers/ /blog/sipsmith_london_gin_drinking_distillers/
redirect 301 /green-london-cabs/ /blog/green-london-cabs/
redirect 301 /the-magnificent-seven/ /blog/the-magnificent-seven/
redirect 301 /slinkachu-how-make-little-people-spruce-city/ /blog/slinkachu-how-make-little-people-spruce-city/
redirect 301 /london-skyscrapers-future-city-of-london-development/ /blog/london-skyscrapers-future-city-of-london-development/
redirect 301 /skyscrapers-london-development-future-central-london/ /blog/skyscrapers-london-development-future-central-london/
redirect 301 /james-bond-skyfall-london-underground-chase/ /blog/james-bond-skyfall-london-underground-chase/
redirect 301 /shoreditch-bars-drinking-guide-london/ /blog/shoreditch-bars-drinking-guide-london/
redirect 301 /london-attraction-campsite-natural-history-museum/ /blog/london-attraction-campsite-natural-history-museum/
redirect 301 /london-eat-your-heart-out-halloween-event/ /blog/london-eat-your-heart-out-halloween-event/
redirect 301 /golf-londo/ /blog/golf-londo/
redirect 301 /the-art-of-signwriting/ /blog/the-art-of-signwriting/
redirect 301 /walkies-great-places-walk-dog-london/ /blog/walkies-great-places-walk-dog-london/
redirect 301 /pollocks-a-central-london-toy-shop-isnt-terrifying/ /blog/pollocks-a-central-london-toy-shop-isnt-terrifying/
redirect 301 /out-box/ /blog/out-box/
redirect 301 /the-knowledge-your-cabbys-brain-london/ /blog/the-knowledge-your-cabbys-brain-london/
redirect 301 /the-oldest-cinema-uk/ /blog/the-oldest-cinema-uk/
redirect 301 /london-wild-things-are/ /blog/london-wild-things-are/
redirect 301 /my-favourite-big-london-gigs/ /blog/my-favourite-big-london-gigs/
redirect 301 /an-app-everything-green/ /blog/an-app-everything-green/
redirect 301 /eco-fiction/ /blog/eco-fiction/
redirect 301 /the-hidden-speakeasies-east-end/ /blog/the-hidden-speakeasies-east-end/
redirect 301 /horniman/ /blog/horniman/
redirect 301 /247-brick-lane-bagels/ /blog/247-brick-lane-bagels/
redirect 301 /squeaky-green/ /blog/squeaky-green/
redirect 301 /finding-different-funny-alternative-comedy-venues-london/ /blog/finding-different-funny-alternative-comedy-venues-london/
redirect 301 /around-world-80-minutes-excuse-french-trip-south-kensington/ /blog/around-world-80-minutes-excuse-french-trip-south-kensington/
redirect 301 /big-green-giant/ /blog/big-green-giant/
redirect 301 /quiet-spaces/ /blog/quiet-spaces/
redirect 301 /all-together-now-jamie-olivers-new-great-british-chain-unleashed/ /blog/all-together-now-jamie-olivers-new-great-british-chain-unleashed/
redirect 301 /very-literal-street-art/ /blog/very-literal-street-art/
redirect 301 /the-oldest-bar-london-2/ /blog/the-oldest-bar-london-2/
redirect 301 /around-world-80-minutes-portuguese-fish/ /blog/around-world-80-minutes-portuguese-fish/
redirect 301 /boxpark-unstacked/ /blog/boxpark-unstacked/
redirect 301 /cocktails-happiness-forgets/ /blog/cocktails-happiness-forgets/

# End blog redirects

<IfModule mod_rewrite.c>

RewriteEngine On

#-----------------redirect to https-----------------
RewriteCond %{HTTPS} !on [OR]
RewriteCond %{HTTP_HOST} !^www\. [NC]
RewriteCond %{HTTP_HOST} !^dev\. [NC]
RewriteRule ^ https://www.insider-london.co.uk%{REQUEST_URI} [L,R=301,NE]

#Ignore Google verification file
RewriteRule ^google3d11bb01af91a5dc.html$ - [L]

# Redirect old category / tag pages
RewriteCond %{REQUEST_URI} ^/(category|tag)
RewriteRule ^(category|tag)/(.*) /blog/ [R=301,L]

# Redirect product pages to tours
RewriteCond %{REQUEST_URI} ^/product
RewriteRule ^product/(.*) /tours/$1 [R=301,L]

# Redirect old WP 'archive' pages
RewriteCond %{REQUEST_URI} ^/[0-9]+/[0-9]+/[0-9]+
RewriteRule ^[0-9]+/[0-9]+/[0-9]+/([^/]+)/?$ /$1 [R=301,L]

# Removed this as block blog pagination
#RewriteCond %{REQUEST_URI} ^/blog/[0-9a-z\-]
#RewriteCond %{REQUEST_URI} !^blog/page
#RewriteRule ^blog/(.+) /$1 [R=301,L]

# Consider removing this.
RewriteCond %{THE_REQUEST} ^(GET|HEAD)\ /.+\.html\ https
RewriteCond %{REQUEST_FILENAME} !^google
RewriteRule ^(.+)\.html$ https://%{HTTP_HOST}/$1 [R=301,L]

RewriteCond %{REQUEST_FILENAME} !-f
RewriteCond %{REQUEST_FILENAME}.html -f
RewriteRule ^.+$ %{REQUEST_FILENAME}.html [R=301,L]

</IfModule>

<ifModule mod_headers.c>
Header set Connection keep-alive
</ifModule>


ErrorDocument 404 /404.html

<IfModule mod_expires.c>
  ExpiresActive On
  ExpiresByType image/jpg "access plus 1 year"
  ExpiresByType image/jpeg "access plus 1 year"
  ExpiresByType image/gif "access plus 1 year"
  ExpiresByType image/png "access plus 1 year"
  ExpiresByType text/css "access plus 1 month"
  ExpiresByType application/pdf "access plus 1 month"
  ExpiresByType application/javascript "access plus 1 month"
  ExpiresByType application/x-javascript "access plus 1 month"
  ExpiresByType application/x-shockwave-flash "access plus 1 month"
  ExpiresByType image/x-icon "access plus 1 year"
  ExpiresDefault "access plus 2 days"
  # Prevent caching of html files
  <FilesMatch (\.html)$>
     ExpiresActive Off
  </FilesMatch>
</IfModule>

AddOutputFilterByType DEFLATE text/plain
AddOutputFilterByType DEFLATE text/html
AddOutputFilterByType DEFLATE text/xml
AddOutputFilterByType DEFLATE text/css
AddOutputFilterByType DEFLATE application/xml
AddOutputFilterByType DEFLATE application/xhtml+xml
AddOutputFilterByType DEFLATE application/rss+xml
AddOutputFilterByType DEFLATE application/javascript
AddOutputFilterByType DEFLATE application/x-javascript
